"ShopNumber","CouponName","ImageName","CouponType","InActiveDate"
"45","Online-Exhaust-Coupons6","Online-Exhaust-Coupons6","exhaust","12/31/2015"
"45","Online-General-Coupons7","Online-General-Coupons7","misc","12/31/2015"
"45","Online-Brake-Coupons20","Online-Brake-Coupons20","brakes","12/31/2015"
"49","Online-Brake-Coupons","Online-Brake-Coupons","brakes","12/31/2015"
"49","Online-Exhaust-Coupons11","Online-Exhaust-Coupons11","exhaust","12/31/2015"
"49","Online-Maintenance-Coupons","Online-Maintenance-Coupons","maint","12/31/2015"
"49","Online-General-Coupons7","Online-General-Coupons7","misc","12/31/2015"
"62","Online-Brake-Coupons10","Online-Brake-Coupons10","brakes","02/29/2016"
"62","Online-Brake-Coupons16","Online-Brake-Coupons16","brakes","02/29/2016"
"62","Online-Brake-Coupons3","Online-Brake-Coupons3","brakes","02/29/2016"
"62","Online-Exhaust-Coupons11","Online-Exhaust-Coupons11","exhaust","02/29/2016"
"62","Online-Exhaust-Coupons17","Online-Exhaust-Coupons17","exhaust","02/29/2016"
"62","Online-Exhaust-Coupons18","Online-Exhaust-Coupons18","exhaust","02/29/2016"
"196","Online-Maintenance-Coupons5","Online-Maintenance-Coupons5","maint","12/31/2015"
"196","Online-Maintenance-Coupons54","Online-Maintenance-Coupons54","maint","12/31/2015"
"197","Online-MonthlyOffers-Coupons8","Online-MonthlyOffers-Coupons8","brakes","01/31/2016"
"197","Online-Heating-Cooling-Coupons","Online-Heating-Cooling-Coupons","heating","01/31/2016"
"197","Online-Maintenance-Coupons22","Online-Maintenance-Coupons22","maint","01/31/2016"
"197","Online-rctrl-Coupons","Online-rctrl-Coupons","rctrl","01/31/2016"
"197","Online-Steering-Coupons","Online-Steering-Coupons","steering","01/31/2016"
"197","Online-General-Coupons","Online-General-Coupons","misc","01/31/2016"
"197","Online-General-Coupons7","Online-General-Coupons7","misc","01/31/2016"
"240","Online-Alignment-Coupons4","Online-Alignment-Coupons4","align","01/31/2016"
"240","Online-Brake-Coupons","Online-Brake-Coupons","brakes","01/31/2016"
"240","Online-Exhaust-Coupons21","Online-Exhaust-Coupons21","exhaust","01/31/2016"
"240","Online-Maintenance-Coupons16","Online-Maintenance-Coupons16","maint","01/31/2016"
"240","Online-Maintenance-Coupons35","Online-Maintenance-Coupons35","maint","01/31/2016"
"240","Online-Maintenance-Coupons75","Online-Maintenance-Coupons75","maint","01/31/2016"
"240","Online-Maintenance-Coupons76","Online-Maintenance-Coupons76","maint","01/31/2016"
"240","Online-Tire-Coupons12","Online-Tire-Coupons12","tires","01/31/2016"
"293","Online-Maintenance-Coupons25","Online-Maintenance-Coupons25","maint","02/29/2016"
"293","Online-Maintenance-Coupons11","Online-Maintenance-Coupons11","maint","02/29/2016"
"297","Online-Alignment-Coupons3","Online-Alignment-Coupons3","align","01/31/2016"
"297","Online-Brake-Coupons9","Online-Brake-Coupons9","brakes","01/31/2016"
"297","Online-MonthlyOffers-Coupons15","Online-MonthlyOffers-Coupons15","exhaust","01/31/2016"
"297","Online-Heating-Cooling-Coupons","Online-Heating-Cooling-Coupons","heating","01/31/2016"
"297","Online-Maintenance-Coupons5","Online-Maintenance-Coupons5","maint","01/31/2016"
"297","Online-rctrl-Coupons","Online-rctrl-Coupons","rctrl","01/31/2016"
"297","Online-General-Coupons","Online-General-Coupons","misc","01/31/2016"
"297","Online-General-Coupons4","Online-General-Coupons4","misc","01/31/2016"
"300","Online-Alignment-Coupons","Online-Alignment-Coupons","align","02/29/2016"
"300","Online-Maintenance-Coupons19","Online-Maintenance-Coupons19","maint","02/29/2016"
"300","Online-Brake-Coupons7","Online-Brake-Coupons7","brakes","01/31/2016"
"300","Online-Maintenance-Coupons24","Online-Maintenance-Coupons24","maint","01/31/2016"
"300","Online-Maintenance-Coupons54","Online-Maintenance-Coupons54","maint","01/31/2016"
"300","Online-rctrl-Coupons","Online-rctrl-Coupons","rctrl","01/31/2016"
"300","Online-Tire-Coupons5","Online-Tire-Coupons5","tires","01/31/2016"
"300","Online-General-Coupons","Online-General-Coupons","misc","01/31/2016"
"303","Online-General-Coupons7","Online-General-Coupons7","misc","12/31/2015"
"312","Online-Alignment-Coupons7","Online-Alignment-Coupons7","align","12/31/2015"
"312","Online-Brake-Coupons20","Online-Brake-Coupons20","brakes","12/31/2015"
"312","Online-Maintenance-Coupons34","Online-Maintenance-Coupons34","maint","12/31/2015"
"312","Online-Maintenance-Coupons53","Online-Maintenance-Coupons53","maint","12/31/2015"
"312","Online-MonthlyOffers-Coupons6","Online-MonthlyOffers-Coupons6","steering","12/31/2015"
"312","Online-Tire-Coupons13","Online-Tire-Coupons13","tires","12/31/2015"
"312","Online-General-Coupons","Online-General-Coupons","misc","12/31/2015"
"312","Online-General-Coupons7","Online-General-Coupons7","misc","12/31/2015"
"331","Online-Brake-Coupons","Online-Brake-Coupons","brakes","01/31/2016"
"331","Online-Maintenance-Coupons","Online-Maintenance-Coupons","maint","01/31/2016"
"415","Online-Maintenance-Coupons","Online-Maintenance-Coupons","maint","01/31/2016"
"415","Online-Maintenance-Coupons34","Online-Maintenance-Coupons34","maint","01/31/2016"
"415","Online-Maintenance-Coupons62","Online-Maintenance-Coupons62","maint","01/31/2016"
"415","Online-Maintenance-Coupons69","Online-Maintenance-Coupons69","maint","01/31/2016"
"415","Online-Maintenance-Coupons8","Online-Maintenance-Coupons8","maint","01/31/2016"
"468","Online-Alignment-Coupons2","Online-Alignment-Coupons2","align","01/31/2016"
"468","Online-MonthlyOffers-Coupons8","Online-MonthlyOffers-Coupons8","brakes","01/31/2016"
"468","Online-MonthlyOffers-Coupons15","Online-MonthlyOffers-Coupons15","exhaust","01/31/2016"
"468","Online-MonthlyOffers-Coupons3","Online-MonthlyOffers-Coupons3","maint","01/31/2016"
"468","Online-General-Coupons4","Online-General-Coupons4","misc","01/31/2016"
"468","Online-General-Coupons7","Online-General-Coupons7","misc","01/31/2016"
"474","Online-Maintenance-Coupons51","Online-Maintenance-Coupons51","maint","12/31/2015"
"474","Online-Alignment-Coupons","Online-Alignment-Coupons","align","12/31/2015"
"474","Online-Maintenance-Coupons76","Online-Maintenance-Coupons76","maint","12/31/2015"
"474","Online-MonthlyOffers-Coupons2","Online-MonthlyOffers-Coupons2","maint","12/31/2015"
"495","Online-Alignment-Coupons4","Online-Alignment-Coupons4","align","01/31/2016"
"495","Online-Brake-Coupons","Online-Brake-Coupons","brakes","01/31/2016"
"495","Online-Exhaust-Coupons21","Online-Exhaust-Coupons21","exhaust","01/31/2016"
"495","Online-Maintenance-Coupons16","Online-Maintenance-Coupons16","maint","01/31/2016"
"495","Online-Maintenance-Coupons35","Online-Maintenance-Coupons35","maint","01/31/2016"
"495","Online-Maintenance-Coupons75","Online-Maintenance-Coupons75","maint","01/31/2016"
"495","Online-Maintenance-Coupons76","Online-Maintenance-Coupons76","maint","01/31/2016"
"495","Online-Tire-Coupons12","Online-Tire-Coupons12","tires","01/31/2016"
"628","Online-Exhaust-Coupons15","Online-Exhaust-Coupons15","exhaust","12/31/2015"
"628","Online-Maintenance-Coupons5","Online-Maintenance-Coupons5","maint","12/31/2015"
"628","Online-Maintenance-Coupons54","Online-Maintenance-Coupons54","maint","12/31/2015"
"712","Online-Alignment-Coupons6","Online-Alignment-Coupons6","align","01/31/2016"
"712","Online-Brake-Coupons","Online-Brake-Coupons","brakes","01/31/2016"
"712","Online-Maintenance-Coupons70","Online-Maintenance-Coupons70","maint","01/31/2016"
"712","Online-Maintenance-Coupons75","Online-Maintenance-Coupons75","maint","01/31/2016"
"712","Online-Maintenance-Coupons8","Online-Maintenance-Coupons8","maint","01/31/2016"
"712","Online-MonthlyOffers-Coupons14","Online-MonthlyOffers-Coupons14","maint","01/31/2016"
"712","Online-Tire-Coupons12","Online-Tire-Coupons12","tires","01/31/2016"
"754","Online-Alignment-Coupons2","Online-Alignment-Coupons2","align","01/31/2016"
"754","Online-Brake-Coupons8","Online-Brake-Coupons8","brakes","01/31/2016"
"754","Online-MonthlyOffers-Coupons15","Online-MonthlyOffers-Coupons15","exhaust","01/31/2016"
"754","Online-Maintenance-Coupons31","Online-Maintenance-Coupons31","maint","01/31/2016"
"754","Online-Maintenance-Coupons51","Online-Maintenance-Coupons51","maint","01/31/2016"
"787","Online-General-Coupons7","Online-General-Coupons7","misc","01/31/2016"
"787","Online-Brake-Coupons12","Online-Brake-Coupons12","brakes","01/31/2016"
"787","Online-Brake-Coupons16","Online-Brake-Coupons16","brakes","01/31/2016"
"787","Online-Heating-Cooling-Coupons2","Online-Heating-Cooling-Coupons2","heating","01/31/2016"
"787","Online-Maintenance-Coupons30","Online-Maintenance-Coupons30","maint","01/31/2016"
"822","Online-Maintenance-Coupons5","Online-Maintenance-Coupons5","maint","01/31/2016"
"822","Online-Brake-Coupons4","Online-Brake-Coupons4","brakes","01/31/2016"
"828","Online-Alignment-Coupons3","Online-Alignment-Coupons3","align","01/31/2016"
"828","Online-MonthlyOffers-Coupons4","Online-MonthlyOffers-Coupons4","align","01/31/2016"
"828","Online-Brake-Coupons9","Online-Brake-Coupons9","brakes","01/31/2016"
"828","Online-Exhaust-Coupons11","Online-Exhaust-Coupons11","exhaust","01/31/2016"
"828","Online-Maintenance-Coupons5","Online-Maintenance-Coupons5","maint","01/31/2016"
"828","Online-General-Coupons2","Online-General-Coupons2","misc","01/31/2016"
"889","Online-MonthlyOffers-Coupons","Online-MonthlyOffers-Coupons","tires","12/31/2015"
"905","Online-Maintenance-Coupons54","Online-Maintenance-Coupons54","maint","02/29/2016"
"905","Online-Maintenance-Coupons76","Online-Maintenance-Coupons76","maint","02/29/2016"
"905","Online-Maintenance-Coupons20","Online-Maintenance-Coupons20","maint","12/31/2015"
"905","Online-Maintenance-Coupons30","Online-Maintenance-Coupons30","maint","12/31/2015"
"905","Online-Maintenance-Coupons32","Online-Maintenance-Coupons32","maint","12/31/2015"
"905","Online-Maintenance-Coupons43","Online-Maintenance-Coupons43","maint","12/31/2015"
"905","Online-rctrl-Coupons","Online-rctrl-Coupons","rctrl","12/31/2015"
"905","Online-Brake-Coupons","Online-Brake-Coupons","brakes","01/31/2016"
"950","Online-Alignment-Coupons","Online-Alignment-Coupons","align","01/31/2016"
"950","Online-Brake-Coupons8","Online-Brake-Coupons8","brakes","01/31/2016"
"950","Online-Exhaust-Coupons11","Online-Exhaust-Coupons11","exhaust","01/31/2016"
"950","Online-Maintenance-Coupons76","Online-Maintenance-Coupons76","maint","01/31/2016"
"950","Online-Tire-Coupons14","Online-Tire-Coupons14","tires","01/31/2016"
"950","Online-General-Coupons","Online-General-Coupons","misc","01/31/2016"
"950","Online-General-Coupons4","Online-General-Coupons4","misc","01/31/2016"
"950","Online-Brake-Coupons7","Online-Brake-Coupons7","brakes","01/31/2016"
"1113","Online-Alignment-Coupons","Online-Alignment-Coupons","align","01/31/2016"
"1113","Online-Brake-Coupons","Online-Brake-Coupons","brakes","01/31/2016"
"1113","Online-Maintenance-Coupons54","Online-Maintenance-Coupons54","maint","01/31/2016"
"1113","Online-General-Coupons4","Online-General-Coupons4","misc","01/31/2016"
"1148","Online-MonthlyOffers-Coupons16","Online-MonthlyOffers-Coupons16","maint","02/29/2016"
"1148","Online-MonthlyOffers-Coupons3","Online-MonthlyOffers-Coupons3","maint","02/29/2016"
"1222","Online-Exhaust-Coupons21","Online-Exhaust-Coupons21","exhaust","12/31/2015"
"1222","Online-Maintenance-Coupons62","Online-Maintenance-Coupons62","maint","12/31/2015"
"1222","Online-General-Coupons7","Online-General-Coupons7","misc","12/31/2015"
"1222","Online-Alignment-Coupons10","Online-Alignment-Coupons10","align","12/31/2015"
"1222","Online-Brake-Coupons","Online-Brake-Coupons","brakes","12/31/2015"
"1314","Online-Brake-Coupons9","Online-Brake-Coupons9","brakes","01/31/2016"
"1314","Online-General-Coupons2","Online-General-Coupons2","misc","01/31/2016"
"1314","Online-Maintenance-Coupons51","Online-Maintenance-Coupons51","maint","01/31/2016"
"1314","Online-MonthlyOffers-Coupons16","Online-MonthlyOffers-Coupons16","maint","01/31/2016"
"1314","Online-Tire-Coupons12","Online-Tire-Coupons12","tires","01/31/2016"
"1314","Online-General-Coupons7","Online-General-Coupons7","misc","01/31/2016"
"1314","Online-Exhaust-Coupons11","Online-Exhaust-Coupons11","exhaust","01/31/2016"
"1314","Online-Alignment-Coupons10","Online-Alignment-Coupons10","align","01/31/2016"
"1314","Online-Maintenance-Coupons36","Online-Maintenance-Coupons36","maint","01/31/2016"
"1435","Online-Alignment-Coupons8","Online-Alignment-Coupons8","align","01/31/2016"
"1435","Online-Brake-Coupons17","Online-Brake-Coupons17","brakes","01/31/2016"
"1435","Online-Exhaust-Coupons21","Online-Exhaust-Coupons21","exhaust","01/31/2016"
"1484","Online-Maintenance-Coupons34","Online-Maintenance-Coupons34","maint","12/31/2015"
"1484","Online-Maintenance-Coupons6","Online-Maintenance-Coupons6","maint","12/31/2015"
"1484","Online-MonthlyOffers-Coupons3","Online-MonthlyOffers-Coupons3","maint","12/31/2015"
"1652","Online-Brake-Coupons","Online-Brake-Coupons","brakes","02/29/2016"
"1652","Online-Maintenance-Coupons5","Online-Maintenance-Coupons5","maint","02/29/2016"
"1652","Online-Maintenance-Coupons9","Online-Maintenance-Coupons9","maint","02/29/2016"
"1652","Online-General-Coupons4","Online-General-Coupons4","misc","02/29/2016"
"1652","Online-General-Coupons7","Online-General-Coupons7","misc","02/29/2016"
"1708","Online-Maintenance-Coupons48","Online-Maintenance-Coupons48","maint","12/31/2015"
"1708","Online-General-Coupons","Online-General-Coupons","misc","12/31/2015"
"1708","Online-Exhaust-Coupons21","Online-Exhaust-Coupons21","exhaust","12/31/2015"
"1819","Online-Brake-Coupons","Online-Brake-Coupons","brakes","12/31/2015"
"1819","Online-General-Coupons7","Online-General-Coupons7","misc","12/31/2015"
"1830","Online-Alignment-Coupons3","Online-Alignment-Coupons3","align","12/31/2015"
"1830","Online-Brake-Coupons7","Online-Brake-Coupons7","brakes","12/31/2015"
"1830","Online-Maintenance-Coupons25","Online-Maintenance-Coupons25","maint","12/31/2015"
"1830","Online-Maintenance-Coupons48","Online-Maintenance-Coupons48","maint","12/31/2015"
"1830","Online-MonthlyOffers-Coupons","Online-MonthlyOffers-Coupons","tires","12/31/2015"
"1830","Online-General-Coupons7","Online-General-Coupons7","misc","12/31/2015"
"1888","Online-Alignment-Coupons10","Online-Alignment-Coupons10","align","01/31/2016"
"1888","Online-Brake-Coupons","Online-Brake-Coupons","brakes","01/31/2016"
"1888","Online-Maintenance-Coupons34","Online-Maintenance-Coupons34","maint","01/31/2016"
"1888","Online-Tire-Coupons14","Online-Tire-Coupons14","tires","01/31/2016"
"1901","Online-Maintenance-Coupons54","Online-Maintenance-Coupons54","maint","12/31/2015"
"1901","Online-Brake-Coupons","Online-Brake-Coupons","brakes","12/31/2015"
"1901","Online-Exhaust-Coupons21","Online-Exhaust-Coupons21","exhaust","12/31/2015"
"1901","Online-Maintenance-Coupons51","Online-Maintenance-Coupons51","maint","12/31/2015"
"1901","Online-MonthlyOffers-Coupons5","Online-MonthlyOffers-Coupons5","maint","12/31/2015"
"1901","Online-General-Coupons7","Online-General-Coupons7","misc","12/31/2015"
"1935","Online-Alignment-Coupons","Online-Alignment-Coupons","align","12/31/2015"
"1935","Online-Brake-Coupons","Online-Brake-Coupons","brakes","12/31/2015"
"1935","Online-Exhaust-Coupons21","Online-Exhaust-Coupons21","exhaust","12/31/2015"
"1935","Online-Maintenance-Coupons30","Online-Maintenance-Coupons30","maint","12/31/2015"
"1935","Online-Maintenance-Coupons31","Online-Maintenance-Coupons31","maint","12/31/2015"
"1935","Online-General-Coupons","Online-General-Coupons","misc","12/31/2015"
"1935","Online-General-Coupons4","Online-General-Coupons4","misc","12/31/2015"
"1935","Online-General-Coupons7","Online-General-Coupons7","misc","12/31/2015"
"1955","Online-Alignment-Coupons4","Online-Alignment-Coupons4","align","12/31/2015"
"1955","Online-Brake-Coupons8","Online-Brake-Coupons8","brakes","12/31/2015"
"1955","Online-Exhaust-Coupons11","Online-Exhaust-Coupons11","exhaust","12/31/2015"
"1955","Online-Heating-Cooling-Coupons","Online-Heating-Cooling-Coupons","heating","12/31/2015"
"1955","Online-General-Coupons7","Online-General-Coupons7","misc","12/31/2015"
"1969","Online-Alignment-Coupons8","Online-Alignment-Coupons8","align","01/31/2016"
"1969","Online-Brake-Coupons8","Online-Brake-Coupons8","brakes","01/31/2016"
"1969","Online-Maintenance-Coupons5","Online-Maintenance-Coupons5","maint","01/31/2016"
"1969","Online-MonthlyOffers-Coupons8","Online-MonthlyOffers-Coupons8","brakes","02/29/2016"
"1969","Online-Maintenance-Coupons13","Online-Maintenance-Coupons13","maint","02/29/2016"
"1969","Online-Maintenance-Coupons51","Online-Maintenance-Coupons51","maint","02/29/2016"
"1969","Online-Maintenance-Coupons8","Online-Maintenance-Coupons8","maint","02/29/2016"
"1969","Online-MonthlyOffers-Coupons11","Online-MonthlyOffers-Coupons11","maint","02/29/2016"
"2006","Online-Maintenance-Coupons","Online-Maintenance-Coupons","maint","01/31/2016"
"2006","Online-Maintenance-Coupons58","Online-Maintenance-Coupons58","maint","01/31/2016"
"2006","Online-MonthlyOffers-Coupons16","Online-MonthlyOffers-Coupons16","maint","01/31/2016"
"2038","Online-Brake-Coupons7","Online-Brake-Coupons7","brakes","12/31/2015"
"2038","Online-Exhaust-Coupons11","Online-Exhaust-Coupons11","exhaust","12/31/2015"
"2038","Online-Maintenance-Coupons35","Online-Maintenance-Coupons35","maint","12/31/2015"
"2038","Online-Maintenance-Coupons54","Online-Maintenance-Coupons54","maint","12/31/2015"
"2038","Online-Maintenance-Coupons57","Online-Maintenance-Coupons57","maint","12/31/2015"
"2038","Online-MonthlyOffers-Coupons5","Online-MonthlyOffers-Coupons5","maint","12/31/2015"
"2038","Online-General-Coupons","Online-General-Coupons","misc","12/31/2015"
"2038","Online-General-Coupons7","Online-General-Coupons7","misc","12/31/2015"
"2110","Online-Maintenance-Coupons34","Online-Maintenance-Coupons34","maint","01/31/2016"
"2110","Online-Brake-Coupons8","Online-Brake-Coupons8","brakes","12/31/2015"
"2110","Online-Maintenance-Coupons51","Online-Maintenance-Coupons51","maint","01/31/2016"
"2110","Online-Brake-Coupons","Online-Brake-Coupons","brakes","12/31/2015"
"2110","Online-Maintenance-Coupons5","Online-Maintenance-Coupons5","maint","01/31/2016"
"2110","Online-Maintenance-Coupons16","Online-Maintenance-Coupons16","maint","12/31/2015"
"2110","Online-Alignment-Coupons","Online-Alignment-Coupons","align","01/31/2016"
"2128","Online-MonthlyOffers-Coupons11","Online-MonthlyOffers-Coupons11","maint","01/31/2016"
"2128","Online-MonthlyOffers-Coupons13","Online-MonthlyOffers-Coupons13","maint","01/31/2016"
"2128","Online-MonthlyOffers-Coupons16","Online-MonthlyOffers-Coupons16","maint","01/31/2016"
"2128","Online-MonthlyOffers-Coupons3","Online-MonthlyOffers-Coupons3","maint","01/31/2016"
"2154","Online-Tire-Coupons6","Online-Tire-Coupons6","tires","01/31/2016"
"2154","Online-Maintenance-Coupons34","Online-Maintenance-Coupons34","maint","12/31/2015"
"2154","Online-Maintenance-Coupons5","Online-Maintenance-Coupons5","maint","12/31/2015"
"2154","Online-Maintenance-Coupons51","Online-Maintenance-Coupons51","maint","12/31/2015"
"2176","Online-Maintenance-Coupons5","Online-Maintenance-Coupons5","maint","02/29/2016"
"2176","Online-Maintenance-Coupons9","Online-Maintenance-Coupons9","maint","02/29/2016"
"2176","Online-General-Coupons4","Online-General-Coupons4","misc","02/29/2016"
"2176","Online-General-Coupons7","Online-General-Coupons7","misc","02/29/2016"
"2176","Online-Brake-Coupons","Online-Brake-Coupons","brakes","02/29/2016"
"2197","Online-Alignment-Coupons","Online-Alignment-Coupons","align","12/31/2015"
"2197","Online-Brake-Coupons7","Online-Brake-Coupons7","brakes","12/31/2015"
"2197","Online-Maintenance-Coupons53","Online-Maintenance-Coupons53","maint","12/31/2015"
"2197","Online-MonthlyOffers-Coupons5","Online-MonthlyOffers-Coupons5","maint","12/31/2015"
"2197","Online-MonthlyOffers-Coupons6","Online-MonthlyOffers-Coupons6","steering","12/31/2015"
"2197","Online-Tire-Coupons8","Online-Tire-Coupons8","tires","12/31/2015"
"2197","Online-General-Coupons","Online-General-Coupons","misc","12/31/2015"
"2254","Online-Alignment-Coupons","Online-Alignment-Coupons","align","01/31/2016"
"2254","Online-Brake-Coupons12","Online-Brake-Coupons12","brakes","01/31/2016"
"2254","Online-Exhaust-Coupons11","Online-Exhaust-Coupons11","exhaust","01/31/2016"
"2254","Online-Exhaust-Coupons18","Online-Exhaust-Coupons18","exhaust","01/31/2016"
"2254","Online-Maintenance-Coupons13","Online-Maintenance-Coupons13","maint","01/31/2016"
"2254","Online-Maintenance-Coupons28","Online-Maintenance-Coupons28","maint","01/31/2016"
"2254","Online-Maintenance-Coupons8","Online-Maintenance-Coupons8","maint","01/31/2016"
"2254","Online-Tire-Coupons10","Online-Tire-Coupons10","tires","01/31/2016"
"2267","Online-Brake-Coupons12","Online-Brake-Coupons12","brakes","01/31/2016"
"2267","Online-Maintenance-Coupons6","Online-Maintenance-Coupons6","maint","01/31/2016"
"2267","Online-MonthlyOffers-Coupons3","Online-MonthlyOffers-Coupons3","maint","01/31/2016"
"2267","Online-Tire-Coupons","Online-Tire-Coupons","tires","01/31/2016"
"2267","Online-Tire-Coupons12","Online-Tire-Coupons12","tires","01/31/2016"
"2267","Online-General-Coupons","Online-General-Coupons","misc","01/31/2016"
"2267","Online-General-Coupons4","Online-General-Coupons4","misc","01/31/2016"
"2267","Online-Alignment-Coupons7","Online-Alignment-Coupons7","align","01/31/2016"
"2275","Online-MonthlyOffers-Coupons10","Online-MonthlyOffers-Coupons10","maint","01/31/2016"
"2281","Online-MonthlyOffers-Coupons8","Online-MonthlyOffers-Coupons8","brakes","01/31/2016"
"2281","Online-MonthlyOffers-Coupons15","Online-MonthlyOffers-Coupons15","exhaust","01/31/2016"
"2281","Online-Maintenance-Coupons12","Online-Maintenance-Coupons12","maint","01/31/2016"
"2281","Online-Maintenance-Coupons19","Online-Maintenance-Coupons19","maint","01/31/2016"
"2281","Online-Maintenance-Coupons34","Online-Maintenance-Coupons34","maint","01/31/2016"
"2281","Online-General-Coupons","Online-General-Coupons","misc","01/31/2016"
"2281","Online-General-Coupons4","Online-General-Coupons4","misc","01/31/2016"
"2304","Online-Brake-Coupons","Online-Brake-Coupons","brakes","02/29/2016"
"2304","Online-MonthlyOffers-Coupons15","Online-MonthlyOffers-Coupons15","exhaust","02/29/2016"
"2304","Online-Maintenance-Coupons44","Online-Maintenance-Coupons44","maint","02/29/2016"
"2304","Online-Maintenance-Coupons57","Online-Maintenance-Coupons57","maint","02/29/2016"
"2304","Online-Maintenance-Coupons7","Online-Maintenance-Coupons7","maint","02/29/2016"
"2344","Online-Brake-Coupons","Online-Brake-Coupons","brakes","12/31/2015"
"2345","Online-Maintenance-Coupons16","Online-Maintenance-Coupons16","maint","01/31/2016"
"2345","Online-Brake-Coupons3","Online-Brake-Coupons3","brakes","01/31/2016"
"2345","Online-Maintenance-Coupons5","Online-Maintenance-Coupons5","maint","01/31/2016"
"2345","Online-Maintenance-Coupons50","Online-Maintenance-Coupons50","maint","01/31/2016"
"2345","Online-Maintenance-Coupons8","Online-Maintenance-Coupons8","maint","01/31/2016"
"2345","Online-MonthlyOffers-Coupons11","Online-MonthlyOffers-Coupons11","maint","01/31/2016"
"2345","Online-Exhaust-Coupons21","Online-Exhaust-Coupons21","exhaust","01/31/2016"
"2345","Online-MonthlyOffers-Coupons15","Online-MonthlyOffers-Coupons15","exhaust","01/31/2016"
"2354","Online-General-Coupons7","Online-General-Coupons7","misc","02/29/2016"
"2369","Online-Maintenance-Coupons13","Online-Maintenance-Coupons13","maint","01/31/2016"
"2369","Online-Maintenance-Coupons34","Online-Maintenance-Coupons34","maint","01/31/2016"
"2369","Online-Maintenance-Coupons8","Online-Maintenance-Coupons8","maint","01/31/2016"
"2369","Online-Maintenance-Coupons68","Online-Maintenance-Coupons68","maint","01/31/2016"
"2369","Online-MonthlyOffers-Coupons13","Online-MonthlyOffers-Coupons13","maint","01/31/2016"
"2369","Online-MonthlyOffers-Coupons2","Online-MonthlyOffers-Coupons2","maint","01/31/2016"
"2370","Online-Alignment-Coupons","Online-Alignment-Coupons","align","01/31/2016"
"2370","Online-Brake-Coupons","Online-Brake-Coupons","brakes","01/31/2016"
"2370","Online-Maintenance-Coupons19","Online-Maintenance-Coupons19","maint","01/31/2016"
"2370","Online-General-Coupons7","Online-General-Coupons7","misc","01/31/2016"
"2394","Online-MonthlyOffers-Coupons6","Online-MonthlyOffers-Coupons6","steering","12/31/2015"
"2394","Online-General-Coupons","Online-General-Coupons","misc","12/31/2015"
"2394","Online-General-Coupons4","Online-General-Coupons4","misc","12/31/2015"
"2394","Online-General-Coupons7","Online-General-Coupons7","misc","12/31/2015"
"2397","Online-Maintenance-Coupons5","Online-Maintenance-Coupons5","maint","02/29/2016"
"2397","Online-Maintenance-Coupons8","Online-Maintenance-Coupons8","maint","02/29/2016"
"2397","Online-MonthlyOffers-Coupons14","Online-MonthlyOffers-Coupons14","maint","02/29/2016"
"2397","Online-MonthlyOffers-Coupons16","Online-MonthlyOffers-Coupons16","maint","02/29/2016"
"2397","Online-Brake-Coupons","Online-Brake-Coupons","brakes","02/29/2016"
"2397","Online-Maintenance-Coupons13","Online-Maintenance-Coupons13","maint","02/29/2016"
"2397","Online-Maintenance-Coupons51","Online-Maintenance-Coupons51","maint","02/29/2016"
"2397","Online-Maintenance-Coupons57","Online-Maintenance-Coupons57","maint","02/29/2016"
"2410","Online-MonthlyOffers-Coupons10","Online-MonthlyOffers-Coupons10","maint","01/31/2016"
"2410","Online-MonthlyOffers-Coupons12","Online-MonthlyOffers-Coupons12","maint","01/31/2016"
"2410","Online-MonthlyOffers-Coupons9","Online-MonthlyOffers-Coupons9","maint","01/31/2016"
"2410","Online-General-Coupons4","Online-General-Coupons4","misc","01/31/2016"
"2443","Online-Maintenance-Coupons13","Online-Maintenance-Coupons13","maint","12/31/2015"
"2443","Online-Alignment-Coupons8","Online-Alignment-Coupons8","align","01/31/2016"
"2443","Online-Brake-Coupons8","Online-Brake-Coupons8","brakes","01/31/2016"
"2443","Online-Maintenance-Coupons5","Online-Maintenance-Coupons5","maint","01/31/2016"
"2443","Online-Maintenance-Coupons8","Online-Maintenance-Coupons8","maint","12/31/2015"
"2443","Online-MonthlyOffers-Coupons8","Online-MonthlyOffers-Coupons8","brakes","02/29/2016"
"2443","Online-Maintenance-Coupons51","Online-Maintenance-Coupons51","maint","02/29/2016"
"2443","Online-MonthlyOffers-Coupons11","Online-MonthlyOffers-Coupons11","maint","02/29/2016"
"2486","Online-Alignment-Coupons5","Online-Alignment-Coupons5","align","12/31/2015"
"2486","Online-Brake-Coupons9","Online-Brake-Coupons9","brakes","12/31/2015"
"2486","Online-Maintenance-Coupons23","Online-Maintenance-Coupons23","maint","12/31/2015"
"2486","Online-Maintenance-Coupons38","Online-Maintenance-Coupons38","maint","12/31/2015"
"2486","Online-Steering-Coupons","Online-Steering-Coupons","steering","12/31/2015"
"2486","Online-General-Coupons3","Online-General-Coupons3","misc","12/31/2015"
"2492","Online-MonthlyOffers-Coupons3","Online-MonthlyOffers-Coupons3","maint","02/29/2016"
"2492","Online-General-Coupons7","Online-General-Coupons7","misc","02/29/2016"
"2492","Online-rctrl-Coupons","Online-rctrl-Coupons","rctrl","12/31/2015"
"2492","Online-Alignment-Coupons3","Online-Alignment-Coupons3","align","02/29/2016"
"2492","Online-Exhaust-Coupons18","Online-Exhaust-Coupons18","exhaust","02/29/2016"
"2492","Online-Maintenance-Coupons50","Online-Maintenance-Coupons50","maint","02/29/2016"
"2492","Online-Maintenance-Coupons13","Online-Maintenance-Coupons13","maint","12/31/2015"
"2492","Online-Maintenance-Coupons37","Online-Maintenance-Coupons37","maint","12/31/2015"
"2513","Online-Brake-Coupons7","Online-Brake-Coupons7","brakes","01/31/2016"
"2513","Online-Maintenance-Coupons13","Online-Maintenance-Coupons13","maint","01/31/2016"
"2513","Online-Maintenance-Coupons76","Online-Maintenance-Coupons76","maint","01/31/2016"
"2513","Online-Maintenance-Coupons8","Online-Maintenance-Coupons8","maint","01/31/2016"
"2524","Online-Maintenance-Coupons49","Online-Maintenance-Coupons49","maint","12/31/2015"
"2524","Online-Alignment-Coupons2","Online-Alignment-Coupons2","align","02/29/2016"
"2524","Online-Brake-Coupons18","Online-Brake-Coupons18","brakes","02/29/2016"
"2524","Online-Maintenance-Coupons66","Online-Maintenance-Coupons66","maint","02/29/2016"
"2524","Online-MonthlyOffers-Coupons14","Online-MonthlyOffers-Coupons14","maint","02/29/2016"
"2524","Online-Tire-Coupons12","Online-Tire-Coupons12","tires","02/29/2016"
"2524","Online-MonthlyOffers-Coupons11","Online-MonthlyOffers-Coupons11","maint","01/31/2016"
"2524","Online-MonthlyOffers-Coupons16","Online-MonthlyOffers-Coupons16","maint","01/31/2016"
"2583","Online-Brake-Coupons","Online-Brake-Coupons","brakes","12/31/2015"
"2583","Online-Brake-Coupons10","Online-Brake-Coupons10","brakes","12/31/2015"
"2583","Online-rctrl-Coupons","Online-rctrl-Coupons","rctrl","12/31/2015"
"2583","Online-Steering-Coupons3","Online-Steering-Coupons3","steering","12/31/2015"
"2583","Online-General-Coupons7","Online-General-Coupons7","misc","12/31/2015"
"2596","Online-Alignment-Coupons3","Online-Alignment-Coupons3","align","01/31/2016"
"2596","Online-MonthlyOffers-Coupons4","Online-MonthlyOffers-Coupons4","align","01/31/2016"
"2596","Online-Brake-Coupons9","Online-Brake-Coupons9","brakes","01/31/2016"
"2596","Online-Exhaust-Coupons11","Online-Exhaust-Coupons11","exhaust","01/31/2016"
"2596","Online-Maintenance-Coupons5","Online-Maintenance-Coupons5","maint","01/31/2016"
"2596","Online-General-Coupons2","Online-General-Coupons2","misc","01/31/2016"
"2617","Online-Alignment-Coupons6","Online-Alignment-Coupons6","align","01/31/2016"
"2617","Online-MonthlyOffers-Coupons","Online-MonthlyOffers-Coupons","maint","01/31/2016"
"2617","Online-MonthlyOffers-Coupons3","Online-MonthlyOffers-Coupons3","maint","01/31/2016"
"2617","Online-Tire-Coupons","Online-Tire-Coupons","tires","01/31/2016"
"2639","Online-Alignment-Coupons3","Online-Alignment-Coupons3","align","01/31/2016"
"2639","Online-MonthlyOffers-Coupons4","Online-MonthlyOffers-Coupons4","align","01/31/2016"
"2639","Online-Brake-Coupons9","Online-Brake-Coupons9","brakes","01/31/2016"
"2639","Online-Exhaust-Coupons11","Online-Exhaust-Coupons11","exhaust","01/31/2016"
"2639","Online-Maintenance-Coupons5","Online-Maintenance-Coupons5","maint","01/31/2016"
"2639","Online-General-Coupons2","Online-General-Coupons2","misc","01/31/2016"
"4118","Online-Alignment-Coupons","Online-Alignment-Coupons","align","12/31/2015"
"4118","Online-Brake-Coupons","Online-Brake-Coupons","brakes","12/31/2015"
"4118","Online-Heating-Cooling-Coupons","Online-Heating-Cooling-Coupons","heating","12/31/2015"
"4118","Online-Maintenance-Coupons35","Online-Maintenance-Coupons35","maint","12/31/2015"
"4118","Online-Maintenance-Coupons53","Online-Maintenance-Coupons53","maint","12/31/2015"
"4118","Online-Maintenance-Coupons63","Online-Maintenance-Coupons63","maint","12/31/2015"
"4118","Online-Maintenance-Coupons71","Online-Maintenance-Coupons71","maint","12/31/2015"
"4118","Online-General-Coupons7","Online-General-Coupons7","misc","12/31/2015"
"4181","Online-Alignment-Coupons","Online-Alignment-Coupons","align","12/31/2015"
"4181","Online-Brake-Coupons","Online-Brake-Coupons","brakes","12/31/2015"
"4181","Online-Maintenance-Coupons61","Online-Maintenance-Coupons61","maint","12/31/2015"
"4181","Online-MonthlyOffers-Coupons5","Online-MonthlyOffers-Coupons5","maint","12/31/2015"
"4181","Online-General-Coupons4","Online-General-Coupons4","misc","12/31/2015"
"4229","Online-MonthlyOffers-Coupons14","Online-MonthlyOffers-Coupons14","maint","01/31/2016"
"4229","Online-Tire-Coupons","Online-Tire-Coupons","tires","01/31/2016"
"4229","Online-Maintenance-Coupons34","Online-Maintenance-Coupons34","maint","01/31/2016"
"4229","Online-Alignment-Coupons4","Online-Alignment-Coupons4","align","01/31/2016"
"4229","Online-Brake-Coupons8","Online-Brake-Coupons8","brakes","01/31/2016"
"4229","Online-Heating-Cooling-Coupons","Online-Heating-Cooling-Coupons","heating","01/31/2016"
"4326","Online-Maintenance-Coupons76","Online-Maintenance-Coupons76","maint","01/31/2016"
"4326","Online-MonthlyOffers-Coupons16","Online-MonthlyOffers-Coupons16","maint","01/31/2016"
"4326","Online-Tire-Coupons9","Online-Tire-Coupons9","tires","01/31/2016"
